<?xml version="1.0" encoding="UTF-8"?>
<!--
    file                 : e-track-1.xml
    created              : Sun Mar 19 00:16:05 CET 2000
    copyright            : (C) 2000-2005 by Eric Espie, Bernhard Wymann
    email                : torcs@free.fr
    version              : $Id: e-track-1.xml,v 1.11.2.1 2012/09/08 21:23:59 berniw Exp $
-->

<!--    This program is free software; you can redistribute it and/or modify  -->
<!--    it under the terms of the GNU General Public License as published by  -->
<!--    the Free Software Foundation; either version 2 of the License, or     -->
<!--    (at your option) any later version.                                   -->


<!DOCTYPE params SYSTEM "../../../src/libs/tgf/params.dtd" [
<!-- general definitions for tracks -->
<!ENTITY default-surfaces SYSTEM "../../../data/tracks/surfaces.xml">
<!ENTITY default-objects SYSTEM "../../../data/tracks/objects.xml">
]>

<params name="E-Track 1 seg" type="trackdef" mode="mw">

	<section name="Header">
		<attstr name="name" val="E-Track 1 seg"/>
		<attstr name="category" val="road"/>
		<attnum name="version" val="4"/>
		<attstr name="author" val="E. Espie, B. Wymann"/>
		<attstr name="description" val="Track with a 'Bus Stop' like chicane"/>
	</section>

	<section name="Graphic">
		<attstr name="3d description" val="e-track-1.acc"/>
		<attstr name="background image" val="background.png"/>
		<attnum name="background type" val="4"/>

		<attnum name="background color R" val="0.45"/>
		<attnum name="background color G" val="0.45"/>
		<attnum name="background color B" val="0.5"/>

		<attnum name="ambient color R" val="0.1"/>
		<attnum name="ambient color G" val="0.1"/>
		<attnum name="ambient color B" val="0.05"/>

		<attnum name="diffuse color R" val="1"/>
		<attnum name="diffuse color G" val="1"/>
		<attnum name="diffuse color B" val="1"/>

		<attnum name="specular color R" val="0.1"/>
		<attnum name="specular color G" val="0.1"/>
		<attnum name="specular color B" val="0.1"/>


		<attnum name="light position x" val="-0"/>
		<attnum name="light position y" val="10000"/>
		<attnum name="light position z" val="3000"/>


		<section name="Environment Mapping">
			<section name="general">
				<attstr name="env map image" val="env.png"/>
			</section>
		</section>

		<section name="Terrain Generation">
			<attnum name="track step" unit="m" val="9"/>
			<attnum name="border margin" unit="m" val="100"/>
			<attnum name="border step" unit="m" val="30"/>
			<attnum name="border height" unit="m" val="5"/>
			<attstr name="orientation" val="counter-clockwise"/>
			<attnum name="group size" val="200"/>
			<attstr name="surface" val="grass-bw2"/>

			<section name="Object Maps">
				<section name="map 1">
					<attstr name="object map" val="object-map.png"/>
				</section>
			</section>

		</section>

	</section>


	<section name="Main Track">

		<attnum name="width" unit="m" val="15.0"/>
		<!--attstr name="surface" val="asphalt-lines"/-->
		<attstr name="surface" val="asphalt-bw3"/>
		<attnum name="raceline widthscale" val="1.3"/>
		<attnum name="raceline int" val="1.5"/>
		<attnum name="raceline ext" val="2"/>

		<section name="Right Side">
			<attstr name="surface"  val="grass-bw1"/>
			<attnum name="width"    val="7.0"/>
			<attstr name="banking type" in="level,tangent" val="tangent"/>
		</section>

		<section name="Left Side">
			<attstr name="surface"  val="grass-bw1"/>
			<attnum name="width"    val="7.0"/>
			<attstr name="banking type" in="level,tangent" val="tangent"/>
		</section>

		<section name="Right Barrier">
			<attstr name="style" val="wall"/>
			<attnum name="height" val="0.6"/>
			<attnum name="width" val="0.3"/>
			<attstr name="surface" val="barrier-bw"/>
		</section>

		<section name="Left Barrier">
			<attstr name="style" val="wall"/>
			<attnum name="height" val="0.6"/>
			<attnum name="width" val="0.3"/>
			<attstr name="surface" val="barrier-bw"/>
		</section>

		<section name="Pits">
			<attstr name="side"   val="left"/>
			<attstr name="entry"  val="s1"/>
			<attstr name="start"  val="s2"/>
			<attstr name="end"    val="s2-2"/>
			<attstr name="exit"   val="s3"/>
			<attnum name="length" val="15" unit="m"/>
			<attnum name="width"  val="5" unit="m"/>
		</section>  <!-- PITS -->



		<section name="Track Segments">



			<section name="s2-2">

				<attstr name="type" val="str"/>
				<attnum name="lg" unit="m" val="150"/>
				<attstr name="surface" val="asphalt-bw3"/>

				<section name="Left Side">
					<attstr name="surface" val="asphalt-pits-bw3"/>
					<attnum name="start width" val="15"/>
				</section>

			</section>



			<section name="s3">

				<attstr name="type" val="str"/>
				<attnum name="lg" unit="m" val="100"/>
				<attstr name="surface" val="asphalt-bw3-pit-l"/>

				<section name="Left Side">
					<attstr name="surface" val="asphalt-pits-bw3-e"/>
					<attnum name="end width" val="7"/>
				</section>

			</section>



			<section name="turn0">

				<attstr name="type" val="lft"/>
				<!--attstr name="surface" val="asphalt-l-left"/-->
				<attnum name="radius" unit="m" val="40"/>
				<attnum name="arc" unit="deg" val="90"/>
				<attstr name="surface" val="asphalt-bw3"/>

				<attnum name="grade" unit="%" val="3"/>
				<attnum name="banking end" unit="deg" val="-2.0"/>
				<attstr name="profil" in="linear,spline" val="spline"/>
				<attnum name="profil steps" val="12"/>
				<attnum name="profil end tangent" unit="%" val="3"/>

				<section name="Left Side">
					<attstr name="surface" val="grass-bw1"/>
					<attnum name="start width" val="5.7"/>
				</section>

				<section name="Left Border">
					<attstr name="surface" val="curb-bw-l"/>
					<attstr name="style" val="curb"/>
					<attnum name="height" val="0.15"/>
					<attnum name="width" val="1.3"/>
				</section>

				<section name="Right Side">
					<attstr name="surface" val="concrete"/>
					<attstr name="style" val="plan"/>
					<attnum name="start width" val="0"/>
					<attnum name="end width" val="13.0"/>
				</section>

				<section name="Right Border">
					<attstr name="surface" val="sand"/>
					<attstr name="style" val="plan"/>
					<attnum name="width" val="7"/>
				</section>

				<section name="Right Barrier">
					<attstr name="surface" val="tire-wall"/>
					<attstr name="style" val="wall"/>
					<attnum name="width" val="2.0"/>
					<attnum name="height" val="2.0"/>
				</section>

			</section>



			<section name="turn1">

				<attstr name="type" val="lft"/>
				<!--attstr name="surface" val="asphalt-lines"/-->
				<attnum name="radius" unit="m" val="200"/>
				<attnum name="arc" unit="deg" val="120"/>

				<attnum name="banking end" unit="deg" val="0"/>
				<attstr name="profil" in="linear,spline" val="spline"/>
				<attnum name="profil steps" val="50"/>
				<attnum name="profil end tangent" unit="%" val="0"/>

				<section name="Left Side">
					<attstr name="surface" val="grass-bw1"/>
					<attnum name="start width" val="7"/>
				</section>

				<section name="Left Border">
					<attnum name="width" val="0.0"/>
				</section>

				<section name="Right Side">
					<attstr name="surface" val="concrete"/>
					<attnum name="start width" val="13"/>
					<attnum name="end width" val="0"/>
				</section>

				<section name="Right Border">
					<attstr name="surface" val="sand"/>
					<attstr name="style" val="plan"/>
					<attnum name="width" val="7"/>
				</section>

				<section name="Right Barrier">
					<attstr name="style" val="wall"/>
					<attnum name="height" val="0.6"/>
					<attnum name="width" val="0.3"/>
					<attstr name="surface" val="barrier-bw"/>
				</section>

			</section>



			<section name="segment2">

				<attstr name="type" val="str"/>
				<attnum name="lg" unit="m" val="200"/>

				<attnum name="grade" unit="%" val="0"/>
				<attnum name="z end" val="0"/>
				<attstr name="profil" in="linear,spline" val="spline"/>
				<attnum name="profil steps" val="40"/>
				<attnum name="profil end tangent" unit="%" val="0"/>

				<section name="Right Side">
					<attstr name="surface" val="grass-bw1"/>
					<attnum name="start width" val="7"/>
				</section>

				<section name="Right Border">
					<attnum name="width" val="0"/>
				</section>

			</section>



			<section name="turn3">

				<attstr name="type" val="rgt"/>
				<attnum name="radius" unit="m" val="100"/>
				<attnum name="arc" unit="deg" val="30"/>

				<attnum name="banking end" unit="deg" val="3"/>
				<attstr name="profil" in="linear,spline" val="spline"/>
				<attnum name="profil steps" val="10"/>

			</section>



			<section name="turn4">

				<attstr name="type" val="rgt"/>
				<attnum name="radius" unit="m" val="100"/>
				<attnum name="arc" unit="deg" val="90"/>

			</section>



			<section name="segment5">

				<attstr name="type" val="str"/>
				<attnum name="lg" unit="m" val="20"/>

			</section>



			<section name="turn6">

				<attstr name="type" val="rgt"/>
				<!--attstr name="surface" val="asphalt-l-right"/-->
				<attnum name="radius" unit="m" val="30"/>
				<attnum name="arc" unit="deg" val="90"/>

				<attnum name="banking end" unit="deg" val="0"/>
				<attstr name="profil" in="linear,spline" val="spline"/>
				<attnum name="profil steps" val="10"/>

				<section name="Right Side">
					<attstr name="surface" val="grass-bw1"/>
					<attnum name="start width" val="5.7"/>
				</section>

				<section name="Right Border">
					<attstr name="surface" val="curb-bw-r"/>
					<attstr name="style" val="curb"/>
					<attnum name="height" val="0.15"/>
					<attnum name="width" val="1.3"/>
				</section>

			</section>



			<section name="segment7">

				<attstr name="type" val="str"/>
				<!--attstr name="surface" val="asphalt-lines"/-->
				<attnum name="lg" unit="m" val="200"/>

				<attnum name="grade" unit="%" val="3"/>
				<attstr name="profil" in="linear,spline" val="spline"/>
				<attnum name="profil steps" val="40"/>
				<attnum name="profil end tangent" unit="%" val="3"/>

				<section name="Right Side">
					<attstr name="surface" val="grass-bw1"/>
					<attnum name="start width" val="7"/>
				</section>

				<section name="Right Border">
					<attnum name="width" val="0.0"/>
				</section>

			</section>



			<section name="turn8">

				<attstr name="type" val="lft"/>
				<!--attstr name="surface" val="asphalt-l-left"/-->
				<attnum name="radius" unit="m" val="50"/>
				<attnum name="arc" unit="deg" val="90"/>
				<attnum name="profil steps length" val="5" unit="m"/>

				<section name="Left Side">
					<attstr name="surface" val="grass-bw1"/>
					<attnum name="start width" val="5.7"/>
				</section>

				<section name="Left Border">
					<attstr name="surface" val="curb-bw-l"/>
					<attstr name="style" val="curb"/>
					<attnum name="height" val="0.15"/>
					<attnum name="width" val="1.3"/>
				</section>

			</section>



			<section name="segment9">

				<attstr name="type" val="str"/>
				<!--attstr name="surface" val="asphalt-l-both"/-->
				<attnum name="lg" unit="m" val="20"/>
				<attnum name="profil steps length" val="10" unit="m"/>

				<section name="Left Side">
					<attstr name="surface" val="grass-bw1"/>
					<attnum name="start width" val="7"/>
				</section>

				<section name="Left Border">
					<attnum name="width" val="0.0"/>
				</section>

			</section>



			<section name="turn10">

				<attstr name="type" val="rgt"/>
				<!--attstr name="surface" val="asphalt-l-right"/-->
				<attnum name="radius" unit="m" val="50"/>
				<attnum name="arc" unit="deg" val="90"/>
				<attnum name="profil steps length" val="5" unit="m"/>

				<section name="Right Side">
					<attstr name="surface" val="grass-bw1"/>
					<attnum name="start width" val="5.7"/>
				</section>

				<section name="Right Border">
					<attstr name="surface" val="curb-bw-r"/>
					<attstr name="style" val="curb"/>
					<attnum name="height" val="0.15"/>
					<attnum name="width" val="1.3"/>
				</section>

			</section>



			<section name="segment11">

				<attstr name="type" val="str"/>
				<!--attstr name="surface" val="asphalt-lines"/-->
				<attnum name="lg" unit="m" val="100"/>
				<attnum name="profil steps length" val="9" unit="m"/>

				<section name="Right Side">
					<attstr name="surface" val="grass-bw1"/>
					<attnum name="start width" val="7"/>
				</section>

				<section name="Right Border">
					<attnum name="width" val="0.0"/>
				</section>

			</section>



			<section name="segment12">

				<attstr name="type" val="str"/>
				<attnum name="lg" unit="m" val="100"/>

				<attnum name="banking end" unit="deg" val="-5"/>
				<attstr name="profil" in="linear,spline" val="spline"/>
				<attnum name="profil steps" val="20"/>

			</section>



			<section name="turn13">

				<attstr name="type" val="lft"/>
				<!--attstr name="surface" val="asphalt-l-left"/-->
				<attnum name="radius" unit="m" val="40"/>
				<attnum name="arc" unit="deg" val="90"/>

				<attnum name="grade" unit="%" val="0"/>
				<attstr name="profil" in="linear,spline" val="spline"/>
				<attnum name="profil steps" val="10"/>
				<attnum name="profil end tangent" unit="%" val="0"/>

				<section name="Left Side">
					<attstr name="surface" val="grass-bw1"/>
					<attnum name="start width" val="5.7"/>
				</section>

				<section name="Left Border">
					<attstr name="surface" val="curb-bw-l"/>
					<attstr name="style" val="curb"/>
					<attnum name="height" val="0.15"/>
					<attnum name="width" val="1.3"/>
				</section>

			</section>



			<section name="turn14">

				<attstr name="type" val="lft"/>
				<attnum name="radius" unit="m" val="25"/>
				<attnum name="arc" unit="deg" val="90"/>

				<attnum name="grade" unit="%" val="-2"/>
				<attstr name="profil" in="linear,spline" val="spline"/>
				<attnum name="profil steps" val="8"/>
				<attnum name="profil end tangent" unit="%" val="-2"/>

				<section name="Left Side">
					<attstr name="surface" val="grass-bw1"/>
					<attnum name="start width" val="5.7"/>
				</section>

				<section name="Left Border">
					<attstr name="surface" val="curb-bw-l"/>
					<attstr name="style" val="curb"/>
					<attnum name="height" val="0.15"/>
					<attnum name="width" val="1.3"/>
				</section>

			</section>



			<section name="segment15">

				<attstr name="type" val="str"/>
				<!--attstr name="surface" val="asphalt-lines"/-->
				<attnum name="lg" unit="m" val="100"/>

				<attnum name="grade" unit="%" val="0"/>
				<attnum name="banking end" unit="deg" val="0"/>
				<attnum name="z end" val="10"/>
				<attstr name="profil" in="linear,spline" val="spline"/>
				<attnum name="profil steps" val="20"/>
				<attnum name="profil end tangent" unit="%" val="0"/>

				<section name="Left Side">
					<attstr name="surface" val="grass-bw1"/>
					<attnum name="start width" val="7"/>
				</section>

				<section name="Left Border">
					<attnum name="width" val="0.0"/>
				</section>

				<section name="Right Side">
					<attstr name="surface" val="grass-bw1"/>
					<attnum name="start width" val="5"/>
				</section>

				<section name="Right Border">
					<attstr name="surface" val="curb-bw-r"/>
					<attstr name="style" val="plan"/>
					<attnum name="width" val="2"/>
				</section>

			</section>



			<section name="segment16">

				<attstr name="type" val="str"/>
				<attnum name="lg" unit="m" val="50"/>

				<attnum name="z end" val="12"/>
				<attstr name="profil" in="linear,spline" val="spline"/>
				<attnum name="profil steps" val="10"/>
				<attnum name="profil end tangent" unit="%" val="0"/>

				<section name="Right Side">
					<attstr name="surface" val="grass-bw1"/>
					<attnum name="start width" val="7"/>
				</section>

				<section name="Right Border">
					<attnum name="width" val="0.0"/>
				</section>

			</section>



			<section name="segment17">

				<attstr name="type" val="str"/>
				<attnum name="lg" unit="m" val="50"/>

				<attnum name="z end" val="8"/>
				<attstr name="profil" in="linear,spline" val="spline"/>
				<attnum name="profil steps" val="10"/>
				<attnum name="profil end tangent" unit="%" val="-8"/>

			</section>



			<section name="segment18">

				<attstr name="type" val="str"/>
				<attnum name="lg" unit="m" val="100"/>

				<attnum name="z end" val="0"/>
				<attstr name="profil" in="linear,spline" val="spline"/>
				<attnum name="profil steps" val="20"/>
				<attnum name="profil end tangent" unit="%" val="0"/>

			</section>



			<section name="turn19">

				<attstr name="type" val="lft"/>
				<attnum name="radius" unit="m" val="500"/>
				<attnum name="arc" unit="deg" val="30"/>

				<attnum name="z end" val="15"/>
				<attstr name="profil" in="linear,spline" val="spline"/>
				<attnum name="profil steps" val="40"/>
				<attnum name="profil end tangent" unit="%" val="0"/>
			</section>



			<section name="turn20">

				<attstr name="type" val="lft"/>
				<attnum name="radius" unit="m" val="200"/>
				<attnum name="arc" unit="deg" val="30"/>

				<attnum name="grade" unit="%" val="-1"/>
				<attstr name="profil" in="linear,spline" val="spline"/>
				<attnum name="profil steps" val="20"/>
				<attnum name="profil end tangent" unit="%" val="-1"/>

			</section>



			<section name="turn21">

				<attstr name="type" val="lft"/>
				<attnum name="radius" unit="m" val="100"/>
				<attnum name="arc" unit="deg" val="30"/>

				<section name="Right Side">
					<attstr name="surface" val="concrete"/>
					<attnum name="start width" val="5"/>
					<attnum name="end width" val="2"/>
				</section>

				<section name="Right Border">
					<attstr name="surface" val="curb-bw-r"/>
					<attstr name="style" val="plan"/>
					<attnum name="width" val="2"/>
				</section>

			</section>



			<section name="turn22">

				<attstr name="type" val="lft"/>
				<!--attstr name="surface" val="asphalt-l-left"/-->
				<attnum name="radius" unit="m" val="15"/>
				<attnum name="arc" unit="deg" val="90"/>
				<attnum name="profil steps length" val="5" unit="m"/>

				<section name="Right Side">
					<attstr name="surface" val="concrete"/>
					<attnum name="start width" val="4"/>
					<attnum name="end width" val="2"/>
				</section>

				<section name="Right Border">
					<attnum name="width" val="0.0"/>
				</section>

				<section name="Left Side">
					<attstr name="surface" val="concrete"/>
					<attnum name="start width" val="6"/>
				</section>

				<section name="Left Border">
					<attstr name="surface" val="curb-bw-l"/>
					<attstr name="style" val="curb"/>
					<attnum name="width" val="1.0"/>
					<attnum name="height" val="0.2"/>
				</section>

				<section name="Right Barrier">
					<attstr name="surface" val="tire-wall"/>
					<attstr name="style" val="wall"/>
					<attnum name="width" val="2.0"/>
					<attnum name="height" val="2.0"/>
				</section>

			</section>



			<section name="turn23">

				<attstr name="type" val="rgt"/>
				<!--attstr name="surface" val="asphalt-l-right"/-->
				<attnum name="radius" unit="m" val="15"/>
				<attnum name="arc" unit="deg" val="90"/>
				<attnum name="profil steps length" val="5" unit="m"/>

				<section name="Left Side">
					<attstr name="surface" val="concrete"/>
					<attnum name="start width" val="7"/>
				</section>

				<section name="Left Border">
					<attnum name="width" val="0.0"/>
				</section>

				<section name="Right Side">
					<attstr name="surface" val="concrete"/>
					<attnum name="start width" val="1"/>
				</section>

				<section name="Right Border">
					<attstr name="surface" val="curb-bw-r"/>
					<attstr name="style" val="curb"/>
					<attnum name="width" val="1.0"/>
					<attnum name="height" val="0.2"/>
				</section>

				<section name="Right Barrier">
					<attstr name="style" val="wall"/>
					<attnum name="height" val="0.6"/>
					<attnum name="width" val="0.3"/>
					<attstr name="surface" val="barrier-bw"/>
				</section>

			</section>



			<section name="segment24">

				<attstr name="type" val="str"/>
				<!--attstr name="surface" val="asphalt-l-both"/-->
				<attnum name="lg" unit="m" val="30"/>

				<section name="Right Side">
					<attstr name="surface" val="concrete"/>
					<attnum name="start width" val="2"/>
					<attnum name="end width" val="4"/>
				</section>

				<section name="Right Border">
					<attnum name="width" val="0.0"/>
				</section>

			</section>



			<section name="turn25">

				<attstr name="type" val="rgt"/>
				<!--attstr name="surface" val="asphalt-l-right"/-->
				<attnum name="radius" unit="m" val="15"/>
				<attnum name="arc" unit="deg" val="90"/>
				<attnum name="profil steps length" val="5" unit="m"/>

				<section name="Right Side">
					<attstr name="surface" val="concrete"/>
					<attnum name="start width" val="3"/>
				</section>

				<section name="Right Border">
					<attstr name="surface" val="curb-bw-r"/>
					<attstr name="style" val="curb"/>
					<attnum name="width" val="1.0"/>
					<attnum name="height" val="0.2"/>
				</section>

			</section>



			<section name="turn26">

				<attstr name="type" val="lft"/>
				<!--attstr name="surface" val="asphalt-l-left"/-->
				<attnum name="radius" unit="m" val="15"/>
				<attnum name="arc" unit="deg" val="90"/>
				<attnum name="profil steps length" val="5" unit="m"/>

				<section name="Right Side">
					<attstr name="surface" val="concrete"/>
					<attnum name="start width" val="4"/>
					<attnum name="end width" val="7"/>
				</section>

				<section name="Right Border">
					<attnum name="width" val="0.0"/>
				</section>

				<section name="Left Side">
					<attstr name="surface" val="concrete"/>
					<attnum name="start width" val="6"/>
				</section>

				<section name="Left Border">
					<attstr name="surface" val="curb-bw-l"/>
					<attstr name="style" val="curb"/>
					<attnum name="width" val="1.0"/>
					<attnum name="height" val="0.2"/>
				</section>

			</section>



			<section name="turn27">

				<attstr name="type" val="lft"/>
				<!--attstr name="surface" val="asphalt-lines"/-->
				<attnum name="radius" unit="m" val="154.61524227"/>
				<attnum name="arc" unit="deg" val="90"/>

				<attnum name="grade" unit="%" val="0"/>
				<attnum name="z end" val="0"/>
				<attstr name="profil" in="linear,spline" val="spline"/>
				<attnum name="profil steps" val="20"/>
				<attnum name="profil end tangent" unit="%" val="0"/>

				<section name="Left Border">
					<attnum name="width" val="0.0"/>
				</section>

				<section name="Left Side">
					<attstr name="surface"  val="grass-bw1"/>
					<attnum name="start width" val="7"/>
				</section>

				<section name="Right Side">
					<attstr name="surface"  val="grass-bw1"/>
				</section>

			</section>



			<section name="segment28">

				<attstr name="type" val="str"/>
				<attnum name="lg" unit="m" val="20.19237887"/>

			</section>



			<section name="s1">

				<attstr name="type" val="str"/>
				<attnum name="lg" unit="m" val="100"/>
				<attstr name="surface" val="asphalt-bw3-pit-l"/>

				<section name="Left Side">
					<attstr name="surface" val="asphalt-pits-bw3-e"/>
					<attnum name="end width" val="15"/>
				</section>

			</section>



			<section name="s2">

				<attstr name="type" val="str"/>
				<attnum name="lg" unit="m" val="150"/>
				<attstr name="surface" val="asphalt-bw3"/>

				<section name="Left Side">
					<attstr name="surface" val="asphalt-pits-bw3"/>
				</section>

			</section>

		</section>

	</section>



 	<section name="Cameras">
		<section name="cam0">
			<attstr name="segment" val="s2"/>
			<attnum name="to right" val="-7.0"/>
			<attnum name="to start" val="0"/>
			<attnum name="height" val="3"/>
			<attstr name="fov start" val="turn27"/>
			<attstr name="fov end" val="turn1"/>
		</section>

		<section name="cam1">
			<attstr name="segment" val="turn1"/>
			<attnum name="to right" val="-18.0"/>
			<attnum name="to start" val="1.2"/>
			<attnum name="height" val="5"/>
			<attstr name="fov start" val="turn1"/>
			<attstr name="fov end" val="segment2"/>
		</section>

		<section name="cam2">
			<attstr name="segment" val="turn4"/>
			<attnum name="to right" val="-20.0"/>
			<attnum name="to start" val="0"/>
			<attnum name="height" val="12"/>
			<attstr name="fov start" val="segment2"/>
			<attstr name="fov end" val="segment11"/>
		</section>

		<section name="cam3">
			<attstr name="segment" val="turn14"/>
			<attnum name="to right" val="-7.0"/>
			<attnum name="to start" val="0"/>
			<attnum name="height" val="3"/>
			<attstr name="fov start" val="segment11"/>
			<attstr name="fov end" val="segment18"/>
		</section>

		<section name="cam4">
			<attstr name="segment" val="turn20"/>
			<attnum name="to right" val="-7.0"/>
			<attnum name="to start" val="0"/>
			<attnum name="height" val="3"/>
			<attstr name="fov start" val="segment18"/>
			<attstr name="fov end" val="turn22"/>
		</section>

		<section name="cam5">
			<attstr name="segment" val="segment24"/>
			<attnum name="to right" val="21.0"/>
			<attnum name="to start" val="0"/>
			<attnum name="height" val="3"/>
			<attstr name="fov start" val="turn22"/>
			<attstr name="fov end" val="turn27"/>
		</section>

	</section>




	<section name="Objects">
		&default-objects;
	</section>  <!-- Objects -->



	<section name="Surfaces">
		&default-surfaces;

		<section name="asphalt-bw3">
			<attnum name="color R1" val="0.1"/>
			<attnum name="color G1" val="0.1"/>
			<attnum name="color B1" val="0.1"/>
			<attnum name="color R2" val="0.2"/>
			<attnum name="color G2" val="0.2"/>
			<attnum name="color B2" val="0.2"/>
			<attstr name="texture name" val="tr-asphalt-bw3_n.rgb"/>
			<attstr name="texture type" in="discrete, continuous" val="discrete"/>
			<attnum name="texture size" val="15.0001" unit="m"/>
			<attnum name="texture mipmap" val="0.0" unit="m"/>
			<attstr name="raceline name" val="raceline.png"/>

			<attstr name="bump name" val="bump-as.rgb"/>
			<attnum name="bump size" val="2.0" unit="m"/>

			<attnum name="friction"           val="1.2"/>
			<attnum name="rolling resistance" val="0.001"/>

			<attnum name="roughness" val="0"/>
			<attnum name="roughness wavelength" val="1.0"/>
      	</section>



		<section name="asphalt-bw3-pit-l">
			<attnum name="color R1" val="0.1"/>
			<attnum name="color G1" val="0.1"/>
			<attnum name="color B1" val="0.1"/>
			<attnum name="color R2" val="0.2"/>
			<attnum name="color G2" val="0.2"/>
			<attnum name="color B2" val="0.2"/>
			<attstr name="texture name" val="tr-asphalt-bw3-pit-l_n.rgb"/>
			<attstr name="texture type" in="discrete, continuous" val="discrete"/>
			<attnum name="texture size" val="15.0001" unit="m"/>
			<attnum name="texture mipmap" val="0.0" unit="m"/>
			<attstr name="raceline name" val="raceline.png"/>

			<attstr name="bump name" val="bump-as.rgb"/>
			<attnum name="bump size" val="2.0" unit="m"/>

			<attnum name="friction"           val="1.2"/>
			<attnum name="rolling resistance" val="0.001"/>

			<attnum name="roughness" val="0"/>
			<attnum name="roughness wavelength" val="1.0"/>
      	</section>



		<section name="asphalt-pits-bw3-e">
			<attnum name="color R1" val="0.1"/>
			<attnum name="color G1" val="0.1"/>
			<attnum name="color B1" val="0.1"/>
			<attnum name="color R2" val="0.2"/>
			<attnum name="color G2" val="0.2"/>
			<attnum name="color B2" val="0.2"/>
			<attstr name="texture name" val="tr-asphalt-bw3-pit-e_n.rgb"/>
			<attstr name="texture type" in="discrete, continuous" val="discrete"/>
			<attstr name="texture link with previous" val="yes"/>
			<attstr name="texture start on boundary" val="yes"/>
			<attnum name="texture size" val="15.0001" unit="m"/>
			<attnum name="texture mipmap" val="0.0" unit="m"/>

			<attstr name="bump name" val=""/>
			<attnum name="bump size" val="2.0" unit="m"/>

			<attnum name="friction"           val="1.2"/>
			<attnum name="rolling resistance" val="0.05"/>

			<attnum name="roughness" val="0"/>
			<attnum name="roughness wavelength" val="1.0"/>
		</section>



		<section name="asphalt-pits-bw3">
			<attnum name="color R1" val="0.1"/>
			<attnum name="color G1" val="0.1"/>
			<attnum name="color B1" val="0.1"/>
			<attnum name="color R2" val="0.2"/>
			<attnum name="color G2" val="0.2"/>
			<attnum name="color B2" val="0.2"/>
			<attstr name="texture name" val="tr-asphalt-bw3-pit_n.rgb"/>
			<attstr name="texture type" in="discrete, continuous" val="discrete"/>
			<attstr name="texture link with previous" val="yes"/>
			<attstr name="texture start on boundary" val="yes"/>
			<attnum name="texture size" val="15.0001" unit="m"/>
			<attnum name="texture mipmap" val="0.0" unit="m"/>

			<attstr name="bump name" val=""/>
			<attnum name="bump size" val="2.0" unit="m"/>

			<attnum name="friction"           val="1.2"/>
			<attnum name="rolling resistance" val="0.05"/>

			<attnum name="roughness" val="0"/>
			<attnum name="roughness wavelength" val="1.0"/>
		</section>



		<section name="grass-bw1">
			<attnum name="color R1" val="0.1"/>
			<attnum name="color G1" val="0.4"/>
			<attnum name="color B1" val="0.1"/>
			<attnum name="color R2" val="0.2"/>
			<attnum name="color G2" val="0.5"/>
			<attnum name="color B2" val="0.2"/>
			<attstr name="texture name" val="tr-grass-bw1.rgb"/>
			<attstr name="texture type" in="discrete, continuous" val="continuous"/>
			<attnum name="texture size" val="20.0" unit="m"/>
			<attnum name="texture mipmap" val="4.0"/>

			<attstr name="bump name" val=""/>
			<attnum name="bump size" val="2.0" unit="m"/>

			<attnum name="friction"           val="0.4"/>
			<attnum name="rolling resistance" val="0.01"/>

			<attnum name="roughness" val="0.05"/>
			<attnum name="roughness wavelength" val="0.5"/>
		</section>



		<section name="grass-bw2">
			<attnum name="color R1" val="0.1"/>
			<attnum name="color G1" val="0.4"/>
			<attnum name="color B1" val="0.1"/>
			<attnum name="color R2" val="0.2"/>
			<attnum name="color G2" val="0.5"/>
			<attnum name="color B2" val="0.2"/>
			<attstr name="texture name" val="tr-grass-bw2.rgb"/>
			<attstr name="texture type" in="discrete, continuous" val="continuous"/>
			<attnum name="texture size" val="20.0" unit="m"/>
			<attnum name="texture mipmap" val="4.0"/>

			<attstr name="bump name" val=""/>
			<attnum name="bump size" val="2.0" unit="m"/>

			<attnum name="friction"           val="0.4"/>
			<attnum name="rolling resistance" val="0.01"/>

			<attnum name="roughness" val="0.05"/>
			<attnum name="roughness wavelength" val="0.5"/>
		</section>



		<section name="curb-bw-r">
			<attnum name="color R1" val="0.1"/>
			<attnum name="color G1" val="0.1"/>
			<attnum name="color B1" val="0.1"/>
			<attnum name="color R2" val="0.2"/>
			<attnum name="color G2" val="0.2"/>
			<attnum name="color B2" val="0.2"/>
			<attstr name="texture name" val="tr-curb-bw-r.rgb"/>
			<attstr name="texture type" in="discrete, continuous" val="continuous"/>
			<attnum name="texture size" val="2.0" unit="m"/>
			<attnum name="texture mipmap" val="0.0" unit="m"/>

			<attstr name="bump name" val=""/>
			<attnum name="bump size" val="2.0" unit="m"/>

			<attnum name="friction"           val="1.4"/>
			<attnum name="rolling resistance" val="0.0025"/>

			<attnum name="roughness" val="0.05"/>
			<attnum name="roughness wavelength" val="0.3"/>
		</section>



		<section name="curb-bw-l">
			<attnum name="color R1" val="0.1"/>
			<attnum name="color G1" val="0.1"/>
			<attnum name="color B1" val="0.1"/>
			<attnum name="color R2" val="0.2"/>
			<attnum name="color G2" val="0.2"/>
			<attnum name="color B2" val="0.2"/>
			<attstr name="texture name" val="tr-curb-bw-l.rgb"/>
			<attstr name="texture type" in="discrete, continuous" val="continuous"/>
			<attnum name="texture size" val="2.0" unit="m"/>
			<attnum name="texture mipmap" val="0.0" unit="m"/>

			<attstr name="bump name" val=""/>
			<attnum name="bump size" val="2.0" unit="m"/>

			<attnum name="friction"           val="1.4"/>
			<attnum name="rolling resistance" val="0.0025"/>

			<attnum name="roughness" val="0.05"/>
			<attnum name="roughness wavelength" val="0.3"/>
		</section>



		<section name="barrier-bw">
			<attnum name="color R1" val="1.0"/>
			<attnum name="color G1" val="0.0"/>
			<attnum name="color B1" val="0.0"/>
			<attnum name="color R2" val="1.0"/>
			<attnum name="color G2" val="1.0"/>
			<attnum name="color B2" val="1.0"/>
			<attstr name="texture name" val="tr-barrier-bw.rgb"/>
			<attstr name="texture type" in="discrete, continuous" val="continuous"/>
			<attnum name="texture size" val="30.0" unit="m"/>
			<attnum name="texture mipmap" val="4.0"/>

			<attstr name="bump name" val=""/>
			<attnum name="bump size" val="2.0" unit="m"/>

			<attnum name="friction"           val="0.0"/>

			<attnum name="roughness" val="0.03"/>
			<attnum name="roughness wavelength" val="4.0"/>
			<attnum name="dammage" val="10"/>
		</section>

	</section>


</params>

